<?xml version="1.0" encoding="UTF-8"?>
<project-private xmlns="http://www.netbeans.org/ns/project-private/1">
    <editor-bookmarks xmlns="http://www.netbeans.org/ns/editor-bookmarks/2" lastBookmarkId="0"/>
    <open-files xmlns="http://www.netbeans.org/ns/projectui-open-files/2">
        <group>
            <file>file:/D:/Users/barisgirismen/Documents/NetBeansProjects/HCI_PRJ/src/hci_prj/Test.java</file>
            <file>file:/D:/Users/barisgirismen/Documents/NetBeansProjects/HCI_PRJ/src/hci_prj/Sunshade.java</file>
            <file>file:/D:/Users/barisgirismen/Documents/NetBeansProjects/HCI_PRJ/src/hci_prj/HCI_PRJ.java</file>
            <file>file:/D:/Users/barisgirismen/Documents/NetBeansProjects/HCI_PRJ/src/hci_prj/Shopping2.java</file>
            <file>file:/D:/Users/barisgirismen/Documents/NetBeansProjects/HCI_PRJ/src/hci_prj/CupHolder.java</file>
            <file>file:/D:/Users/barisgirismen/Documents/NetBeansProjects/HCI_PRJ/src/hci_prj/Ornament.java</file>
            <file>file:/D:/Users/barisgirismen/Documents/NetBeansProjects/HCI_PRJ/src/hci_prj/Item.java</file>
            <file>file:/D:/Users/barisgirismen/Documents/NetBeansProjects/HCI_PRJ/src/hci_prj/Dice.java</file>
            <file>file:/D:/Users/barisgirismen/Documents/NetBeansProjects/HCI_PRJ/src/hci_prj/HeadUpDisplay.java</file>
            <file>file:/D:/Users/barisgirismen/Documents/NetBeansProjects/HCI_PRJ/src/hci_prj/Shopping1.java</file>
            <file>file:/D:/Users/barisgirismen/Documents/NetBeansProjects/HCI_PRJ/src/hci_prj/Dashcam.java</file>
            <file>file:/D:/Users/barisgirismen/Documents/NetBeansProjects/HCI_PRJ/src/hci_prj/WindshieldWipers.java</file>
            <file>file:/D:/Users/barisgirismen/Documents/NetBeansProjects/HCI_PRJ/src/hci_prj/FakeTurbo.java</file>
            <file>file:/D:/Users/barisgirismen/Documents/NetBeansProjects/HCI_PRJ/src/hci_prj/User.java</file>
            <file>file:/D:/Users/barisgirismen/Documents/NetBeansProjects/HCI_PRJ/src/hci_prj/SortComparator.java</file>
            <file>file:/D:/Users/barisgirismen/Documents/NetBeansProjects/HCI_PRJ/src/hci_prj/PhoneHolder.java</file>
            <file>file:/D:/Users/barisgirismen/Documents/NetBeansProjects/HCI_PRJ/src/hci_prj/USBCharger.java</file>
            <file>file:/D:/Users/barisgirismen/Documents/NetBeansProjects/HCI_PRJ/src/hci_prj/Invoice.java</file>
        </group>
    </open-files>
</project-private>
